tag,PpIX_value,Ppp_value
0.0,9.999999616785086,-1.435948464035856
10.0,8.215627069495092,-1.3575296349121297
20.0,7.256666726416304,-1.218016562669491
30.0,6.171688041694925,-1.1203539101875164
40.0,6.24336900763499,-1.033084137787626
50.0,5.336055787839223,-0.9466940899049742
60.0,4.524239125947462,-1.2239300922718344
70.0,3.9474567547928947,-1.2069985019776168
80.0,3.5493723545372693,-1.1196336508107947
90.0,2.784406550142446,-0.7454969571084948
100.0,2.0875514293399737,-1.4525948173386856
