tag,PpIX_value,Ppp_value
0.0,9.786605178,0.237198063
10.0,6.39486166,0.25256917
20.0,5.068994289,0.327448399
30.0,4.123891087,0.292973202
40.0,4.193280632,0.274967055
50.0,3.954589368,0.296047431
60.0,3.84918753,0.343917431
70.0,3.401229684,0.362582352
80.0,3.413526561,0.368511206
90.0,2.981379012,0.351602984
100.0,2.837110237,0.433728597
