tag,PpIX_value,Ppp_value
0.0,9.889152391,0.331949941
10.0,7.660342549,0.437022391
20.0,6.931313123,0.590843221
30.0,5.877294684,0.731818182
40.0,5.231488794,0.869664032
50.0,5.131357055,0.953985514
60.0,4.77342996,0.984782609
70.0,3.68076417,0.933069822
80.0,3.697891957,0.981653498
90.0,3.478524368,1.278425553
100.0,3.232806324,1.258662708
